,precision,recall,f1-score,support
not sexist,0.8055555555555556,0.058,0.1082089552238806,500.0
sexist,0.6415525114155252,0.991764705882353,0.779112754158965,850.0
accuracy,0.6459259259259259,0.6459259259259259,0.6459259259259259,0.6459259259259259
macro avg,0.7235540334855404,0.5248823529411765,0.4436608546914228,1350.0
weighted avg,0.7022943796155363,0.6459259259259259,0.5306298656644892,1350.0
